{"format": "layers-model", "generatedBy": "keras v2.5.0", "convertedBy": "TensorFlow.js Converter v3.6.0", "modelTopology": {"keras_version": "2.5.0", "backend": "tensorflow", "model_config": {"class_name": "Functional", "config": {"name": "model_4", "layers": [{"class_name": "InputLayer", "config": {"batch_input_shape": [null, 150, 150, 3], "dtype": "float32", "sparse": false, "ragged": false, "name": "input_2"}, "name": "input_2", "inbound_nodes": []}, {"class_name": "Conv2D", "config": {"name": "block1_conv1", "trainable": false, "dtype": "float32", "filters": 64, "kernel_size": [3, 3], "strides": [1, 1], "padding": "same", "data_format": "channels_last", "dilation_rate": [1, 1], "groups": 1, "activation": "relu", "use_bias": true, "kernel_initializer": {"class_name": "GlorotUniform", "config": {"seed": null}}, "bias_initializer": {"class_name": "Zeros", "config": {}}, "kernel_regularizer": null, "bias_regularizer": null, "activity_regularizer": null, "kernel_constraint": null, "bias_constraint": null}, "name": "block1_conv1", "inbound_nodes": [[["input_2", 0, 0, {}]]]}, {"class_name": "Conv2D", "config": {"name": "block1_conv2", "trainable": false, "dtype": "float32", "filters": 64, "kernel_size": [3, 3], "strides": [1, 1], "padding": "same", "data_format": "channels_last", "dilation_rate": [1, 1], "groups": 1, "activation": "relu", "use_bias": true, "kernel_initializer": {"class_name": "GlorotUniform", "config": {"seed": null}}, "bias_initializer": {"class_name": "Zeros", "config": {}}, "kernel_regularizer": null, "bias_regularizer": null, "activity_regularizer": null, "kernel_constraint": null, "bias_constraint": null}, "name": "block1_conv2", "inbound_nodes": [[["block1_conv1", 0, 0, {}]]]}, {"class_name": "MaxPooling2D", "config": {"name": "block1_pool", "trainable": false, "dtype": "float32", "pool_size": [2, 2], "padding": "valid", "strides": [2, 2], "data_format": "channels_last"}, "name": "block1_pool", "inbound_nodes": [[["block1_conv2", 0, 0, {}]]]}, {"class_name": "Conv2D", "config": {"name": "block2_conv1", "trainable": false, "dtype": "float32", "filters": 128, "kernel_size": [3, 3], "strides": [1, 1], "padding": "same", "data_format": "channels_last", "dilation_rate": [1, 1], "groups": 1, "activation": "relu", "use_bias": true, "kernel_initializer": {"class_name": "GlorotUniform", "config": {"seed": null}}, "bias_initializer": {"class_name": "Zeros", "config": {}}, "kernel_regularizer": null, "bias_regularizer": null, "activity_regularizer": null, "kernel_constraint": null, "bias_constraint": null}, "name": "block2_conv1", "inbound_nodes": [[["block1_pool", 0, 0, {}]]]}, {"class_name": "Conv2D", "config": {"name": "block2_conv2", "trainable": false, "dtype": "float32", "filters": 128, "kernel_size": [3, 3], "strides": [1, 1], "padding": "same", "data_format": "channels_last", "dilation_rate": [1, 1], "groups": 1, "activation": "relu", "use_bias": true, "kernel_initializer": {"class_name": "GlorotUniform", "config": {"seed": null}}, "bias_initializer": {"class_name": "Zeros", "config": {}}, "kernel_regularizer": null, "bias_regularizer": null, "activity_regularizer": null, "kernel_constraint": null, "bias_constraint": null}, "name": "block2_conv2", "inbound_nodes": [[["block2_conv1", 0, 0, {}]]]}, {"class_name": "MaxPooling2D", "config": {"name": "block2_pool", "trainable": false, "dtype": "float32", "pool_size": [2, 2], "padding": "valid", "strides": [2, 2], "data_format": "channels_last"}, "name": "block2_pool", "inbound_nodes": [[["block2_conv2", 0, 0, {}]]]}, {"class_name": "Conv2D", "config": {"name": "block3_conv1", "trainable": false, "dtype": "float32", "filters": 256, "kernel_size": [3, 3], "strides": [1, 1], "padding": "same", "data_format": "channels_last", "dilation_rate": [1, 1], "groups": 1, "activation": "relu", "use_bias": true, "kernel_initializer": {"class_name": "GlorotUniform", "config": {"seed": null}}, "bias_initializer": {"class_name": "Zeros", "config": {}}, "kernel_regularizer": null, "bias_regularizer": null, "activity_regularizer": null, "kernel_constraint": null, "bias_constraint": null}, "name": "block3_conv1", "inbound_nodes": [[["block2_pool", 0, 0, {}]]]}, {"class_name": "Conv2D", "config": {"name": "block3_conv2", "trainable": false, "dtype": "float32", "filters": 256, "kernel_size": [3, 3], "strides": [1, 1], "padding": "same", "data_format": "channels_last", "dilation_rate": [1, 1], "groups": 1, "activation": "relu", "use_bias": true, "kernel_initializer": {"class_name": "GlorotUniform", "config": {"seed": null}}, "bias_initializer": {"class_name": "Zeros", "config": {}}, "kernel_regularizer": null, "bias_regularizer": null, "activity_regularizer": null, "kernel_constraint": null, "bias_constraint": null}, "name": "block3_conv2", "inbound_nodes": [[["block3_conv1", 0, 0, {}]]]}, {"class_name": "Conv2D", "config": {"name": "block3_conv3", "trainable": false, "dtype": "float32", "filters": 256, "kernel_size": [3, 3], "strides": [1, 1], "padding": "same", "data_format": "channels_last", "dilation_rate": [1, 1], "groups": 1, "activation": "relu", "use_bias": true, "kernel_initializer": {"class_name": "GlorotUniform", "config": {"seed": null}}, "bias_initializer": {"class_name": "Zeros", "config": {}}, "kernel_regularizer": null, "bias_regularizer": null, "activity_regularizer": null, "kernel_constraint": null, "bias_constraint": null}, "name": "block3_conv3", "inbound_nodes": [[["block3_conv2", 0, 0, {}]]]}, {"class_name": "MaxPooling2D", "config": {"name": "block3_pool", "trainable": false, "dtype": "float32", "pool_size": [2, 2], "padding": "valid", "strides": [2, 2], "data_format": "channels_last"}, "name": "block3_pool", "inbound_nodes": [[["block3_conv3", 0, 0, {}]]]}, {"class_name": "Conv2D", "config": {"name": "block4_conv1", "trainable": false, "dtype": "float32", "filters": 512, "kernel_size": [3, 3], "strides": [1, 1], "padding": "same", "data_format": "channels_last", "dilation_rate": [1, 1], "groups": 1, "activation": "relu", "use_bias": true, "kernel_initializer": {"class_name": "GlorotUniform", "config": {"seed": null}}, "bias_initializer": {"class_name": "Zeros", "config": {}}, "kernel_regularizer": null, "bias_regularizer": null, "activity_regularizer": null, "kernel_constraint": null, "bias_constraint": null}, "name": "block4_conv1", "inbound_nodes": [[["block3_pool", 0, 0, {}]]]}, {"class_name": "Conv2D", "config": {"name": "block4_conv2", "trainable": false, "dtype": "float32", "filters": 512, "kernel_size": [3, 3], "strides": [1, 1], "padding": "same", "data_format": "channels_last", "dilation_rate": [1, 1], "groups": 1, "activation": "relu", "use_bias": true, "kernel_initializer": {"class_name": "GlorotUniform", "config": {"seed": null}}, "bias_initializer": {"class_name": "Zeros", "config": {}}, "kernel_regularizer": null, "bias_regularizer": null, "activity_regularizer": null, "kernel_constraint": null, "bias_constraint": null}, "name": "block4_conv2", "inbound_nodes": [[["block4_conv1", 0, 0, {}]]]}, {"class_name": "Conv2D", "config": {"name": "block4_conv3", "trainable": false, "dtype": "float32", "filters": 512, "kernel_size": [3, 3], "strides": [1, 1], "padding": "same", "data_format": "channels_last", "dilation_rate": [1, 1], "groups": 1, "activation": "relu", "use_bias": true, "kernel_initializer": {"class_name": "GlorotUniform", "config": {"seed": null}}, "bias_initializer": {"class_name": "Zeros", "config": {}}, "kernel_regularizer": null, "bias_regularizer": null, "activity_regularizer": null, "kernel_constraint": null, "bias_constraint": null}, "name": "block4_conv3", "inbound_nodes": [[["block4_conv2", 0, 0, {}]]]}, {"class_name": "MaxPooling2D", "config": {"name": "block4_pool", "trainable": false, "dtype": "float32", "pool_size": [2, 2], "padding": "valid", "strides": [2, 2], "data_format": "channels_last"}, "name": "block4_pool", "inbound_nodes": [[["block4_conv3", 0, 0, {}]]]}, {"class_name": "Conv2D", "config": {"name": "block5_conv1", "trainable": false, "dtype": "float32", "filters": 512, "kernel_size": [3, 3], "strides": [1, 1], "padding": "same", "data_format": "channels_last", "dilation_rate": [1, 1], "groups": 1, "activation": "relu", "use_bias": true, "kernel_initializer": {"class_name": "GlorotUniform", "config": {"seed": null}}, "bias_initializer": {"class_name": "Zeros", "config": {}}, "kernel_regularizer": null, "bias_regularizer": null, "activity_regularizer": null, "kernel_constraint": null, "bias_constraint": null}, "name": "block5_conv1", "inbound_nodes": [[["block4_pool", 0, 0, {}]]]}, {"class_name": "Conv2D", "config": {"name": "block5_conv2", "trainable": false, "dtype": "float32", "filters": 512, "kernel_size": [3, 3], "strides": [1, 1], "padding": "same", "data_format": "channels_last", "dilation_rate": [1, 1], "groups": 1, "activation": "relu", "use_bias": true, "kernel_initializer": {"class_name": "GlorotUniform", "config": {"seed": null}}, "bias_initializer": {"class_name": "Zeros", "config": {}}, "kernel_regularizer": null, "bias_regularizer": null, "activity_regularizer": null, "kernel_constraint": null, "bias_constraint": null}, "name": "block5_conv2", "inbound_nodes": [[["block5_conv1", 0, 0, {}]]]}, {"class_name": "Conv2D", "config": {"name": "block5_conv3", "trainable": false, "dtype": "float32", "filters": 512, "kernel_size": [3, 3], "strides": [1, 1], "padding": "same", "data_format": "channels_last", "dilation_rate": [1, 1], "groups": 1, "activation": "relu", "use_bias": true, "kernel_initializer": {"class_name": "GlorotUniform", "config": {"seed": null}}, "bias_initializer": {"class_name": "Zeros", "config": {}}, "kernel_regularizer": null, "bias_regularizer": null, "activity_regularizer": null, "kernel_constraint": null, "bias_constraint": null}, "name": "block5_conv3", "inbound_nodes": [[["block5_conv2", 0, 0, {}]]]}, {"class_name": "MaxPooling2D", "config": {"name": "block5_pool", "trainable": false, "dtype": "float32", "pool_size": [2, 2], "padding": "valid", "strides": [2, 2], "data_format": "channels_last"}, "name": "block5_pool", "inbound_nodes": [[["block5_conv3", 0, 0, {}]]]}, {"class_name": "Flatten", "config": {"name": "flatten_5", "trainable": true, "dtype": "float32", "data_format": "channels_last"}, "name": "flatten_5", "inbound_nodes": [[["block5_pool", 0, 0, {}]]]}, {"class_name": "Dense", "config": {"name": "dense_10", "trainable": true, "dtype": "float32", "units": 512, "activation": "relu", "use_bias": true, "kernel_initializer": {"class_name": "GlorotUniform", "config": {"seed": null}}, "bias_initializer": {"class_name": "Zeros", "config": {}}, "kernel_regularizer": null, "bias_regularizer": null, "activity_regularizer": null, "kernel_constraint": null, "bias_constraint": null}, "name": "dense_10", "inbound_nodes": [[["flatten_5", 0, 0, {}]]]}, {"class_name": "Dropout", "config": {"name": "dropout_5", "trainable": true, "dtype": "float32", "rate": 0.5, "noise_shape": null, "seed": null}, "name": "dropout_5", "inbound_nodes": [[["dense_10", 0, 0, {}]]]}, {"class_name": "Dense", "config": {"name": "dense_11", "trainable": true, "dtype": "float32", "units": 8, "activation": "softmax", "use_bias": true, "kernel_initializer": {"class_name": "GlorotUniform", "config": {"seed": null}}, "bias_initializer": {"class_name": "Zeros", "config": {}}, "kernel_regularizer": null, "bias_regularizer": null, "activity_regularizer": null, "kernel_constraint": null, "bias_constraint": null}, "name": "dense_11", "inbound_nodes": [[["dropout_5", 0, 0, {}]]]}], "input_layers": [["input_2", 0, 0]], "output_layers": [["dense_11", 0, 0]]}}, "training_config": {"loss": "categorical_crossentropy", "metrics": [[{"class_name": "MeanMetricWrapper", "config": {"name": "accuracy", "dtype": "float32", "fn": "categorical_accuracy"}}]], "weighted_metrics": null, "loss_weights": null, "optimizer_config": {"class_name": "Adam", "config": {"name": "Adam", "learning_rate": 9.999999747378752e-05, "decay": 5e-06, "beta_1": 0.8999999761581421, "beta_2": 0.9990000128746033, "epsilon": 1e-07, "amsgrad": false}}}}, "weightsManifest": [{"paths": ["group1-shard1of19.bin", "group1-shard2of19.bin", "group1-shard3of19.bin", "group1-shard4of19.bin", "group1-shard5of19.bin", "group1-shard6of19.bin", "group1-shard7of19.bin", "group1-shard8of19.bin", "group1-shard9of19.bin", "group1-shard10of19.bin", "group1-shard11of19.bin", "group1-shard12of19.bin", "group1-shard13of19.bin", "group1-shard14of19.bin", "group1-shard15of19.bin", "group1-shard16of19.bin", "group1-shard17of19.bin", "group1-shard18of19.bin", "group1-shard19of19.bin"], "weights": [{"name": "block1_conv1/kernel", "shape": [3, 3, 3, 64], "dtype": "float32"}, {"name": "block1_conv1/bias", "shape": [64], "dtype": "float32"}, {"name": "block1_conv2/kernel", "shape": [3, 3, 64, 64], "dtype": "float32"}, {"name": "block1_conv2/bias", "shape": [64], "dtype": "float32"}, {"name": "block2_conv1/kernel", "shape": [3, 3, 64, 128], "dtype": "float32"}, {"name": "block2_conv1/bias", "shape": [128], "dtype": "float32"}, {"name": "block2_conv2/kernel", "shape": [3, 3, 128, 128], "dtype": "float32"}, {"name": "block2_conv2/bias", "shape": [128], "dtype": "float32"}, {"name": "block3_conv1/kernel", "shape": [3, 3, 128, 256], "dtype": "float32"}, {"name": "block3_conv1/bias", "shape": [256], "dtype": "float32"}, {"name": "block3_conv2/kernel", "shape": [3, 3, 256, 256], "dtype": "float32"}, {"name": "block3_conv2/bias", "shape": [256], "dtype": "float32"}, {"name": "block3_conv3/kernel", "shape": [3, 3, 256, 256], "dtype": "float32"}, {"name": "block3_conv3/bias", "shape": [256], "dtype": "float32"}, {"name": "block4_conv1/kernel", "shape": [3, 3, 256, 512], "dtype": "float32"}, {"name": "block4_conv1/bias", "shape": [512], "dtype": "float32"}, {"name": "block4_conv2/kernel", "shape": [3, 3, 512, 512], "dtype": "float32"}, {"name": "block4_conv2/bias", "shape": [512], "dtype": "float32"}, {"name": "block4_conv3/kernel", "shape": [3, 3, 512, 512], "dtype": "float32"}, {"name": "block4_conv3/bias", "shape": [512], "dtype": "float32"}, {"name": "block5_conv1/kernel", "shape": [3, 3, 512, 512], "dtype": "float32"}, {"name": "block5_conv1/bias", "shape": [512], "dtype": "float32"}, {"name": "block5_conv2/kernel", "shape": [3, 3, 512, 512], "dtype": "float32"}, {"name": "block5_conv2/bias", "shape": [512], "dtype": "float32"}, {"name": "block5_conv3/kernel", "shape": [3, 3, 512, 512], "dtype": "float32"}, {"name": "block5_conv3/bias", "shape": [512], "dtype": "float32"}, {"name": "dense_10/kernel", "shape": [8192, 512], "dtype": "float32"}, {"name": "dense_10/bias", "shape": [512], "dtype": "float32"}, {"name": "dense_11/kernel", "shape": [512, 8], "dtype": "float32"}, {"name": "dense_11/bias", "shape": [8], "dtype": "float32"}]}]}